1Person Name1Person Name1Person Name1Person Name1Person Name1Person Name1Person Name1,1231231234-XL,AF1234567
2Person Name2, 1231231234-XL,AF1234567
, 1231231234-XL,AF1234567
4Person Name3,1231231234-XL,AF1234567
5Person Name4,1231231234-,AF1234567
6Person Name5,123123234-XL,AF1234567
7Person Name6,-XL,AF134567
8Person Name7,1231231234-XL,AF1234567
9Person Name8,1231231234-,AF1234567
10Person Name9,1231231234-XL,AF123456
11Person Name10,1231231234-XL,AF1234567
12Person Name11,1231231234-XL,AF1234567
13Person Name12,1231231234-XL,AF1234567
14Person Name13,1231231234-XL,AF1234567
15Person Name,1231231234-XL,AF1234567
16Person Name,1231231234-XL,AF234567
17Person Name,1231231234-XL,AF1234567
18Person Name, 1231231234-XL,AF1234567
19Person Name,123121234-XL,AF1234567
20P,1231231234-XL,AF1234567
21Person Name,1231231234-XL,AF1234567
22Person Name,1231231234-XL,AF1234567
23Person Name,1231231234-L,AF1234567
24Person Name,1231231234-XL,AF1234567
25Person Name,1231231234-XL,AF1234567
